variables,estimates,conflow,confhigh
COVID-19 burden,0.9063684512075618,0.8924955281343909,0.9206275498078881
