variables,estimates,conflow,confhigh
Age (pop. 65 and older),1.0189228989747152,0.9903107759228582,1.0483164466720616
Age (pop. younger 18),0.9855557778569312,0.962454758733557,1.0091720563470952
