variables,estimates,conflow,confhigh
Socio-economic status,1.0038101632883576,1.0001983960964107,1.007435497103315
