variables,estimates,conflow,confhigh
Population density,0.9720348477327936,0.9551348897153328,0.989347545848029
