variables,estimates,conflow,confhigh
Searches corona,1.2997731685842309,1.2794955337436502,1.3204124617026956
