variables,estimates,conflow,confhigh
Wind,0.9979539279213052,0.9795320187346744,1.0167687924207538
