variables,estimates,conflow,confhigh
Wind,1.018986050164834,1.0072609228060232,1.0308724970688208
