variables,estimates,conflow,confhigh
Humidity,1.0158166523597447,1.0133367731495915,1.0183009877932794
