variables,estimates,conflow,confhigh
Rainfall,1.0676413484739353,1.0488029673418426,1.0869992909010286
