variables,estimates,conflow,confhigh
Temperature,1.2494025939134006,1.2256400018808313,1.273638203661355
