variables,estimates,conflow,confhigh
Gender,1.0060669155522461,0.9879062675714227,1.024564392709564
