variables,estimates,conflow,confhigh
COVID-19 burden,1.0635167050146654,1.0434831586783693,1.084482690568861
