variables,estimates,conflow,confhigh
Weekday 6Sa,0.6665757382938305,0.6469061199217321,0.6868385222916148
Weekday 7So,0.4003157193127908,0.3882859956727554,0.41271539166113336
Weekday 1Mo,0.5753681989318883,0.5583271903026668,0.5929252384550698
Weekday 2Di,0.9399283596821043,0.9120270547267814,0.968683600712447
Weekday 3Mi,1.0834327852799048,1.0514107467294718,1.1164301657955447
Weekday 5Fr,0.881277080491177,0.8551364175674654,0.9082168351148664
