variables,estimates,conflow,confhigh
Age (pop. 65 and older),1.0094170099727757,0.9997878612106067,1.0191267097475554
Age (pop. younger 18),0.9980979627433384,0.9807751135119425,1.0157031427371082
