variables,estimates,conflow,confhigh
Interventions,0.8095075287072008,0.7898883338223822,0.8296002108223993
