variables,estimates,conflow,confhigh
Socio-economic status,1.0164361512068025,0.9926944739842307,1.0407486372348835
