variables,estimates,conflow,confhigh
Holiday (report),0.6572009034052065,0.6309858010350513,0.684734459934564
Holiday (exposure),0.9824780676415723,0.9524734873257324,1.0136334716923243
