variables,estimates,conflow,confhigh
Foreign citizens,0.9552924636452931,0.9365563765763907,0.9744154056870236
Foreign citizens (refugees),0.9756970703252422,0.9605640542567975,0.9911867323752634
