variables,estimates,conflow,confhigh
Humidity,1.061440387436301,1.0385470242799948,1.084829052865259
