variables,estimates,conflow,confhigh
Searches corona,1.0282060591872513,1.0263385391624928,1.030080972179482
