variables,estimates,conflow,confhigh
Nursing homes,1.0003395776870176,0.999802499591575,1.0008839907697427
