variables,estimates,conflow,confhigh
Temperature,1.0397409646372506,1.0366044028440624,1.0428864822843364
