variables,estimates,conflow,confhigh
Foreign citizens,0.952944309922788,0.9348359618939212,0.9714510197935546
Foreign citizens (refugees),1.000692766091372,0.9812931390815777,1.02072944589595
