variables,estimates,conflow,confhigh
COVID-19 burden,1.0003614769667473,1.0001249483421695,1.0006043637151385
