variables,estimates,conflow,confhigh
Mobility (PC1),0.9772520793286472,0.9625037620454557,0.992256011949214
Mobility (PC2),0.9637415959485466,0.9418036741595234,0.9861419020329116
Mobility (PC3),1.2467864135187197,1.2104247107595778,1.2842746056945948
Mobility (PC4),1.352155979822095,1.285974275141322,1.4218868467710069
Mobility (PC5),0.7936626999094353,0.7514235124764662,0.8382823705115662
Mobility (PC6),0.7334576746567687,0.6680255204577245,0.8052640558637684
