variables,estimates,conflow,confhigh
Searches corona,1.349979094640254,1.3258168857163446,1.3746243924541417
