variables,estimates,conflow,confhigh
Gender,1.2974847958787166,0.09499393335320225,17.727676136362273
