variables,estimates,conflow,confhigh
Population density,0.9999733697451171,0.9999507551227574,0.9999961143746877
