variables,estimates,conflow,confhigh
Humidity,1.0624228706199303,1.0423298423432024,1.0828789112270911
