variables,estimates,conflow,confhigh
Rainfall,1.0216070036376177,1.0166340478982565,1.026639210554851
