variables,estimates,conflow,confhigh
Nursing homes,0.9947001265109973,0.9768589404546764,1.0131326116561976
