variables,estimates,conflow,confhigh
Foreign citizens,0.992470386069828,0.9890757492643748,0.9958843255724042
Foreign citizens (refugees),1.0038776407069618,0.9881230678722986,1.0200475758842902
