variables,estimates,conflow,confhigh
Holiday (report),0.6371982788021275,0.6094883904802355,0.6664232913111071
Holiday (exposure),1.0389610977107337,0.9940460409920134,1.0863352924207514
