variables,estimates,conflow,confhigh
Weekday 2Di,0.9182735588554696,0.8932485638106428,0.9440003821081565
Weekday 3Mi,1.0608528768409715,1.032139980107832,1.090364508011829
Weekday 5Fr,0.898647267639987,0.8741933106200857,0.9237855298620851
Weekday 6Sa,0.653332398897567,0.6353978540816098,0.6717737109546595
Weekday 7So,0.3854381967680824,0.37460889648442003,0.3965813987354703
Weekday 1Mo,0.5823140340321878,0.5662235133108952,0.5988627269257828
