variables,estimates,conflow,confhigh
Interventions,0.7884999741766681,0.7728435877753864,0.8044779012944214
