variables,estimates,conflow,confhigh
Indoor humidity,1.1410803315475282,1.0908204561665238,1.1937204737923541
