variables,estimates,conflow,confhigh
Searches corona,1.0081269381428688,1.0064452186842048,1.009814514091675
