variables,estimates,conflow,confhigh
Temperature,0.9941121562222075,0.9899174507915709,0.998323662992353
