variables,estimates,conflow,confhigh
COVID-19 burden,0.9942639847891477,0.9933386903885305,0.9952196697468157
