variables,estimates,conflow,confhigh
Humidity,1.0022385377469234,1.000570546733924,1.0039095478192193
