variables,estimates,conflow,confhigh
Wind,0.9893303143235342,0.980216213273491,0.9985319696156717
