variables,estimates,conflow,confhigh
Indoor humidity,1.137367107702265,1.101362608336978,1.1745486298449925
