variables,estimates,conflow,confhigh
Population density,1.0495762028975437,1.0195925099602856,1.0807122129548545
