variables,estimates,conflow,confhigh
Wind,1.2477529083856918,1.224660797244335,1.271309239420617
