variables,estimates,conflow,confhigh
Nursing homes,1.068811229223457,1.0376053673657326,1.101648238856989
