variables,estimates,conflow,confhigh
Interventions,0.7015056986054308,0.6930622906226572,0.7100491598514346
