variables,estimates,conflow,confhigh
Mobility (PC1),0.8737862288292465,0.8497522587370357,0.898490442620194
Mobility (PC2),1.0176102381405534,0.9693340663621295,1.0681272705629108
Mobility (PC3),1.2467388457831967,1.1611350446521425,1.3386053124999675
Mobility (PC4),1.053411323275641,0.9725360577539708,1.1410367785906583
Mobility (PC5),1.5495530920786138,1.3615637784515737,1.7636455055323712
Mobility (PC6),1.1616750995179128,0.9923688077416021,1.3598464487516737
