variables,estimates,conflow,confhigh
Foreign citizens,1.0618802074409992,1.0261127837451,1.0990012724851426
Foreign citizens (refugees),0.9910869211380905,0.9570059797178198,1.0268061080899638
