variables,estimates,conflow,confhigh
Searches corona,1.2120975654769122,1.1801539936595653,1.2450314921930408
