variables,estimates,conflow,confhigh
Nursing homes,1.061823808991135,1.0337926460556626,1.0911955482599072
