variables,estimates,conflow,confhigh
Age (pop. 65 and older),0.9577629178523929,0.912814359491077,1.0048517939919075
Age (pop. younger 18),1.0411886186643553,1.0010070999549041,1.082948446793443
