variables,estimates,conflow,confhigh
Rainfall,1.30965247315818,1.2671341616721596,1.353718777356854
