variables,estimates,conflow,confhigh
Temperature,0.6909913601833593,0.6676066702244517,0.7151608487424207
