variables,estimates,conflow,confhigh
Rainfall,1.0767859275263743,1.0677205738098234,1.0859590209238248
