variables,estimates,conflow,confhigh
Gender,1.0022546224917037,0.9705702993044544,1.034974362904818
