variables,estimates,conflow,confhigh
Age (pop. 65 and older),0.9847504218693475,0.9676102780101531,1.0021672788416465
Age (pop. younger 18),1.032403836071618,1.0002396870042216,1.065574265259161
