variables,estimates,conflow,confhigh
Population density,1.000079332639333,1.0000418542349543,1.0001170995237085
