variables,estimates,conflow,confhigh
Temperature,0.9460211113683415,0.9129086884114483,0.9802892975002488
