variables,estimates,conflow,confhigh
Temperature,0.935597082905499,0.9296046058668044,0.9416178668734768
