variables,estimates,conflow,confhigh
Humidity,1.4767552427097141,1.4300278061476206,1.5249440254596862
