variables,estimates,conflow,confhigh
Mobility (PC1),0.9008715372106896,0.8768347825419752,0.9255836445683098
Mobility (PC2),1.203012958234607,1.1472734545244085,1.2612998408972163
Mobility (PC3),1.6128488972376829,1.5085351703091623,1.7244512692273999
Mobility (PC4),0.4291565796132618,0.4065193746307653,0.45304967663470097
Mobility (PC5),1.4790436535860827,1.3015289374054257,1.6809649259841715
Mobility (PC6),1.2243276401577567,1.0538011373083878,1.422293577196724
