variables,estimates
Weekday 5Fr,1.0260645375911308
Weekday 6Sa,0.9702018474482159
Weekday 7So,0.908994784518871
Weekday 1Mo,0.9721877483110196
Weekday 2Di,1.03205871520455
Weekday 3Mi,1.05341388161836
