variables,estimates,conflow,confhigh
Mobility (PC1),0.884459742063754,0.8603477595112905,0.9092467414454772
Mobility (PC2),1.03772912073573,0.9892261431551812,1.0884628249964508
Mobility (PC3),1.3865677735966082,1.2917810909655172,1.4883047624303523
Mobility (PC4),0.8284987110403121,0.7600924750286372,0.9031215446623349
Mobility (PC5),1.334938522373444,1.1706749970327808,1.5223927271658892
Mobility (PC6),1.4184767119465584,1.2086639862037394,1.6646101439031444
