variables,estimates,conflow,confhigh
Foreign citizens,1.0148815044363702,1.008652573599788,1.0211653343106128
Foreign citizens (refugees),0.9902237607027807,0.9622432140431337,1.019261580861043
