variables,estimates,conflow,confhigh
Weekday 6Sa,0.6597921817912077,0.6227419265910579,0.6990436381658338
Weekday 7So,0.405920331984625,0.38211622494526326,0.43120352446415705
Weekday 1Mo,0.6582138707740193,0.6210349754815326,0.6976124469429212
Weekday 2Di,0.9284965187408908,0.8769412897173379,0.9830861094444482
Weekday 3Mi,1.0300951078555627,0.9734715980027988,1.0900129618571277
Weekday 5Fr,0.9183803688180716,0.8677567582546019,0.9719550818795447
