variables,estimates,conflow,confhigh
Mobility (PC1),0.8696644954755127,0.8411746941529462,0.899120421389536
Mobility (PC2),0.9750225801294133,0.9327559801464936,1.0191432228030628
Mobility (PC3),1.1376455356648727,1.0425044909909669,1.2414591310548666
Mobility (PC4),1.098306103106595,1.0030023918997035,1.2026927653207884
Mobility (PC5),1.400922551161706,1.2103176484624858,1.6216567724780449
Mobility (PC6),0.9211825335720529,0.763964968302586,1.1107113590174171
