variables,estimates,conflow,confhigh
Weekday 5Fr,0.9438233114148055,0.8952198716795183,0.9950637047373917
Weekday 6Sa,0.6691982661136918,0.6338672698201931,0.7064992680398452
Weekday 7So,0.40680703363420456,0.38424764111663257,0.43068908037555687
Weekday 1Mo,0.6752927287584402,0.6394325696120721,0.7131612582787867
Weekday 2Di,0.9434583811940582,0.8948553183544706,0.9946967395235068
Weekday 3Mi,1.045805567099255,0.9925229935019393,1.1019421857017924
