variables,estimates,conflow,confhigh
Foreign citizens,1.0800444130694473,1.0464543434153413,1.1148039796104063
Foreign citizens (refugees),0.9885678932175456,0.956797114325773,1.0216672876393749
