variables,estimates,conflow,confhigh
Gender,1.0023763260732426,0.972817851555368,1.0328337566148607
