variables,estimates,conflow,confhigh
Wind,1.4606979255819503,1.4119428005584038,1.5111966077703693
