variables,estimates,conflow,confhigh
COVID-19 burden,0.9861762929741575,0.9846722376205207,0.9876460578713008
