variables,estimates,conflow,confhigh
Wind,1.3318974179081264,1.2911003295966645,1.3740298133858964
