variables,estimates
Age (pop. 65 and older),0.9976127177143744
Age (pop. younger 18),1.0096573460599578
