variables,estimates,conflow,confhigh
Temperature,0.6787999801640021,0.6571515468140118,0.7011183015577614
