variables,estimates,conflow,confhigh
Searches corona,1.001639944071831,1.000306140038325,1.0029802933287895
