variables,estimates,conflow,confhigh
Socio-economic status,0.9980510590277676,0.9570783301962935,1.0407704245007394
