variables,estimates,conflow,confhigh
COVID-19 burden,0.9262367289263638,0.9092029887738551,0.9442984131066111
