variables,estimates,conflow,confhigh
Nursing homes,1.001934703989969,1.0010603519540908,1.002827371357484
