variables,estimates,conflow,confhigh
Rainfall,1.437532788374959,1.3871917558192937,1.4900532077443116
