variables,estimates,conflow,confhigh
Weekday 7So,0.4051505681104549,0.3827094170194955,0.42890477292246804
Weekday 1Mo,0.6716389745082678,0.6360305685752733,0.7092361359749362
Weekday 2Di,0.9373621269113228,0.8891671822259255,0.9881615569641092
Weekday 3Mi,1.0394201507010812,0.9865703151065078,1.0950910083213392
Weekday 5Fr,0.9438240376492494,0.8952143738423225,0.9950713473353662
Weekday 6Sa,0.6691947679633422,0.6338595584655765,0.7065004800420474
