variables,estimates,conflow,confhigh
COVID-19 burden,0.9005258445741333,0.8819079649323998,0.9202156514753185
