variables,estimates,conflow,confhigh
Mobility (retail and recreation),1.0076083057225653,1.005556258730577,1.009664300798587
Mobility (grocery and pharmacy),0.9951320606438679,0.9937959951475192,0.9964693526215376
Mobility (parks),0.9998496129212714,0.9993731285226372,1.0003255230815178
Mobility (transit stations),0.9974768697595776,0.9946027162531684,1.000356609517846
Mobility (workplaces),1.0030672249337222,1.0002312799343207,1.005910311539133
Mobility (residential),1.0080054398277722,0.9986725767274922,1.0174220079658975
