variables,estimates
Age (pop. 65 and older),0.9941252503482151
Age (pop. younger 18),1.0094585796629654
