variables,estimates,conflow,confhigh
Population density,1.0576283188318845,1.0302304071610682,1.0859713292470274
