variables,estimates,conflow,confhigh
Humidity,1.7629697923645704,1.700545559450032,1.82760766529655
