variables,estimates,conflow,confhigh
Humidity,1.0394337946017422,1.0368109173918594,1.042060456911682
