variables,estimates,conflow,confhigh
Holiday (report),0.4881390410521149,0.45241502997474276,0.526996845632382
Holiday (exposure),0.7088637868986355,0.6547207596804606,0.7678838938586156
