variables,estimates,conflow,confhigh
Age (pop. 65 and older),0.961885791855359,0.9137627430021639,1.012442280807785
Age (pop. younger 18),1.0243106900368795,0.9818711578289402,1.0685315075122133
