variables,estimates,conflow,confhigh
Socio-economic status,0.9982030097897445,0.9917750749739686,1.004672186937448
