variables,estimates
Weekday 5Fr,1.0293661723464909
Weekday 6Sa,0.9667791804175739
Weekday 7So,0.8976402431688422
Weekday 1Mo,0.9670143203025751
Weekday 2Di,1.0347479891549016
Weekday 3Mi,1.058309623149585
