variables,estimates,conflow,confhigh
COVID-19 burden,0.8364780598463951,0.8217066019870933,0.851997523815883
