variables,estimates,conflow,confhigh
Socio-economic status,0.9890321253787862,0.9513765999934345,1.0281754899585962
