variables,estimates,conflow,confhigh
Gender,1.4232276390567615,0.013300949070042306,152.31011645784184
