variables,estimates,conflow,confhigh
Interventions,0.6781487578477334,0.670477127098038,0.6858990076813002
