variables,estimates,conflow,confhigh
Holiday (report),0.48879688544275396,0.4530527156012916,0.5276736946199168
Holiday (exposure),0.6720861113380282,0.621985684953049,0.726624412961523
