variables,estimates,conflow,confhigh
Holiday (report),0.47426616861383836,0.4397738392869908,0.5117524787021125
Holiday (exposure),0.6963259346693743,0.64068078164504,0.7573082736560883
