variables,estimates,conflow,confhigh
Interventions,0.7022606120574933,0.6946433933539619,0.709951643540328
