variables,estimates
Age (pop. 65 and older),0.9935808266029954
Age (pop. younger 18),1.0104317398110865
