variables,estimates,conflow,confhigh
Searches corona,1.096272408231221,1.0669952846049093,1.1264643135253456
