variables,estimates,conflow,confhigh
Searches corona,1.0101471003703308,1.0084937810397865,1.0118060541619793
