variables,estimates,conflow,confhigh
Wind,0.9893303143235342,0.9802162132734865,0.9985319696156774
