variables,estimates,conflow,confhigh
COVID-19 burden,0.9941736050873725,0.9932479662259512,0.9951297741358197
