variables,estimates,conflow,confhigh
Temperature,0.9918488694799147,0.9878998005881223,0.9958121863395375
