variables,estimates,conflow,confhigh
Rainfall,1.010822010901941,1.0066360104321168,1.0150254369374314
