variables,estimates,conflow,confhigh
Humidity,1.0022385377469234,1.0005705467339232,1.0039095478192201
