mytheta,mylambda
1.9131258463317233,0.38772002848597215
