mytheta,mylambda
1.9131258463317369,0.3532760497592132
