mytheta,mylambda
1.991630410580027,0.476900741528347
