variables,estimates,conflow,confhigh
Temperature,1.1317397092998909,1.1110678665262506,1.15279059176982
