variables,estimates,conflow,confhigh
Wind,0.9817089979142439,0.9674429408430296,0.9962079439813447
