variables,estimates,conflow,confhigh
Rainfall,1.0472003656292914,1.0309116026164493,1.0637894762019007
