variables,estimates
Age (pop. 65 and older),1.0038399208175166
Age (pop. younger 18),0.9958786811514648
